machine,limits,benchmark,base_result,lower_is_better,result,normalized
issdm-6,with,blogbench_writes,451.0,False,41.0,-11.0
issdm-6,with,blogbench_reads,281330.0,False,6746.0,-41.70323154461904
t2.micro,with,blogbench_writes,451.0,False,334.0,-1.3502994011976048
t2.micro,with,blogbench_reads,281330.0,False,24659.0,-11.408816253700474
issdm-6,with,compilebench_intial_create,24.43,False,5.1,-4.790196078431372
issdm-6,with,compilebench_create,20.14,False,4.33,-4.651270207852194
issdm-6,with,compilebench_patch,8.02,False,6.96,-1.1522988505747125
issdm-6,with,compilebench_compile,110.99,False,16.46,-6.743013365735115
issdm-6,with,compilebench_clean,914.11,False,83.87,-10.8991296053416
issdm-6,with,compilebench_read_tree,22.75,False,7.7,-2.9545454545454546
issdm-6,with,compilebench_read_compiled_tree,61.44,False,22.67,-2.710189677988531
issdm-6,with,compilebench_delete_tree,5.23,True,30.39,-5.810707456978967
issdm-6,with,compilebench_stat_tree,3.2,True,17.11,-5.346875
issdm-6,with,compilebench_stat_compiled_tree,3.58,True,18.4,-5.139664804469273
t2.micro,with,compilebench_intial_create,24.43,False,47.58,1.9476054031927956
t2.micro,with,compilebench_create,20.14,False,47.42,2.3545183714001987
t2.micro,with,compilebench_patch,8.02,False,34.64,4.319201995012469
t2.micro,with,compilebench_compile,110.99,False,61.85,-1.7945028294260306
t2.micro,with,compilebench_clean,914.11,False,5061.17,5.536718775639693
t2.micro,with,compilebench_read_tree,22.75,False,54.62,2.4008791208791207
t2.micro,with,compilebench_read_compiled_tree,61.44,False,56.15,-1.0942119323241317
t2.micro,with,compilebench_delete_tree,5.23,True,1.36,3.8455882352941178
t2.micro,with,compilebench_stat_tree,3.2,True,0.87,3.6781609195402303
t2.micro,with,compilebench_stat_compiled_tree,3.58,True,0.89,4.022471910112359
issdm-6,with,fhourstones_8_1,1258.4,False,4299.7,3.4167991099809276
issdm-6,with,fhourstones_8_2,1121.7,False,4418.0,3.938664527057145
issdm-6,with,fhourstones_8_3,1156.7,False,4512.8,3.9014437624275957
issdm-6,with,fhourstones_0,1151.5,False,4543.4,3.9456361267911415
t2.micro,with,fhourstones_8_1,1258.4,False,8599.3,6.833518753973299
t2.micro,with,fhourstones_8_2,1121.7,False,6995.8,6.236783453686368
t2.micro,with,fhourstones_8_3,1156.7,False,6929.3,5.990576640442638
t2.micro,with,fhourstones_0,1151.5,False,7253.9,6.299522362136344
issdm-6,with,himeno,6.551732,False,8.416859,1.2846769373350437
t2.micro,with,himeno,6.551732,False,357.749314,54.60377713862533
issdm-6,with,interbench_audio_none,15.0,True,7.0,2.142857142857143
issdm-6,with,interbench_video_none,17.0,True,6.0,2.8333333333333335
issdm-6,with,interbench_audio_video,15.0,True,6.0,2.5
issdm-6,with,interbench_audio_x,15.0,True,7.0,2.142857142857143
issdm-6,with,interbench_video_x,14.0,True,7.0,2.0
issdm-6,with,interbench_audio_burn,15.0,True,7.0,2.142857142857143
issdm-6,with,interbench_video_burn,14.0,True,6.0,2.3333333333333335
issdm-6,with,interbench_audio_write,382.0,True,13.0,29.384615384615383
issdm-6,with,interbench_video_write,206.0,True,8.0,25.75
issdm-6,with,interbench_audio_read,25.0,True,14.0,1.7857142857142858
issdm-6,with,interbench_video_read,35.0,True,12.0,2.9166666666666665
issdm-6,with,interbench_audio_compile,80.0,True,14.0,5.714285714285714
issdm-6,with,interbench_video_compile,36.0,True,9.0,4.0
t2.micro,with,interbench_audio_none,15.0,True,11.0,1.3636363636363635
t2.micro,with,interbench_video_none,17.0,True,5.0,3.4
t2.micro,with,interbench_audio_video,15.0,True,6.0,2.5
t2.micro,with,interbench_audio_x,15.0,True,10.0,1.5
t2.micro,with,interbench_video_x,14.0,True,4.0,3.5
t2.micro,with,interbench_audio_burn,15.0,True,9.0,1.6666666666666667
t2.micro,with,interbench_video_burn,14.0,True,4.0,3.5
t2.micro,with,interbench_audio_write,382.0,True,9.0,42.44444444444444
t2.micro,with,interbench_video_write,206.0,True,6.0,34.333333333333336
t2.micro,with,interbench_audio_read,25.0,True,9.0,2.7777777777777777
t2.micro,with,interbench_video_read,35.0,True,5.0,7.0
t2.micro,with,interbench_audio_compile,80.0,True,9.0,8.88888888888889
t2.micro,with,interbench_video_compile,36.0,True,6.0,6.0
issdm-6,with,nbench_numeric_sort,456.78,False,1045.2,2.288191251806121
issdm-6,with,nbench_string_sort,64.61399999999999,False,166.69,2.579781471507723
issdm-6,with,nbench_bitfield,1.7666,False,3.4556,1.9560738141061929
issdm-6,with,nbench_fp_emulation,148.7,False,322.31,2.167518493611298
issdm-6,with,nbench_fourier,155.53,False,18073.0,116.20266186587797
issdm-6,with,nbench_assignment,7.4656,False,21.660999999999998,2.9014412773253317
issdm-6,with,nbench_idea,1670.0,False,5248.0,3.1425149700598802
issdm-6,with,nbench_huffman,476.57,False,1687.8,3.541557378769121
issdm-6,with,nbench_neural_net,0.23485,False,32.941,140.2639982967852
issdm-6,with,nbench_lu_decomposition,7.8958,False,1123.9,142.34149801160112
issdm-6,with,nbench_memory_index,5.928999999999999,False,14.505,2.4464496542418623
issdm-6,with,nbench_integer_index,6.71,False,18.29,2.7257824143070044
issdm-6,with,nbench_floating-point_index,0.16699999999999998,False,22.105999999999998,132.37125748502993
t2.micro,with,nbench_numeric_sort,456.78,False,1424.0,3.1174744953807085
t2.micro,with,nbench_string_sort,64.61399999999999,False,1153.0,17.844429999690472
t2.micro,with,nbench_bitfield,1.7666,False,4.9991,2.8297860296614967
t2.micro,with,nbench_fp_emulation,148.7,False,546.16,3.6728984532616007
t2.micro,with,nbench_fourier,155.53,False,41088.0,264.1805439465055
t2.micro,with,nbench_assignment,7.4656,False,53.995,7.232506429489926
t2.micro,with,nbench_idea,1670.0,False,9996.4,5.985868263473054
t2.micro,with,nbench_huffman,476.57,False,4665.6,9.789957403949053
t2.micro,with,nbench_neural_net,0.23485,False,99.331,422.95507770917607
t2.micro,with,nbench_lu_decomposition,7.8958,False,2608.2,330.3275158945262
t2.micro,with,nbench_memory_index,5.928999999999999,False,42.38,7.147917018046889
t2.micro,with,nbench_integer_index,6.71,False,34.150999999999996,5.08956780923994
t2.micro,with,nbench_floating-point_index,0.16699999999999998,False,55.6,332.934131736527
issdm-6,with,pybench_builtin_function_calls,566.0,True,1761.0,-3.1113074204946995
issdm-6,with,pybench_builtin_method_lookup,533.0,True,1350.0,-2.5328330206378986
issdm-6,with,pybench_compare_floats,539.0,True,1410.0,-2.6159554730983303
issdm-6,with,pybench_compare_floats_integers,1779.0,True,1379.0,1.290065264684554
issdm-6,with,pybench_compare_integers,420.0,True,1506.0,-3.585714285714286
issdm-6,with,pybench_compare_interned_strings,455.0,True,1529.0,-3.3604395604395605
issdm-6,with,pybench_compare_longs,403.0,True,1360.0,-3.3746898263027294
issdm-6,with,pybench_compare_strings,424.0,True,1605.0,-3.785377358490566
issdm-6,with,pybench_compare_unicode,428.0,True,1435.0,-3.352803738317757
issdm-6,with,pybench_complex_python_function_calls,483.0,True,1760.0,-3.6438923395445135
issdm-6,with,pybench_concat_strings,732.0,True,2454.0,-3.3524590163934427
issdm-6,with,pybench_concat_unicode,530.0,True,2190.0,-4.132075471698113
issdm-6,with,pybench_create_instances,610.0,True,2198.0,-3.60327868852459
issdm-6,with,pybench_create_new_instances,489.0,True,1651.0,-3.376278118609407
issdm-6,with,pybench_create_strings_with_concat,470.0,True,1654.0,-3.519148936170213
issdm-6,with,pybench_create_unicode_with_concat,314.0,True,1199.0,-3.8184713375796178
issdm-6,with,pybench_dict_creation,380.0,True,1191.0,-3.1342105263157896
issdm-6,with,pybench_dict_with_float_keys,3437.0,True,1585.0,2.168454258675079
issdm-6,with,pybench_dict_with_integer_keys,473.0,True,1424.0,-3.010570824524313
issdm-6,with,pybench_dict_with_string_keys,436.0,True,1227.0,-2.8142201834862384
issdm-6,with,pybench_for_loops,422.0,True,1139.0,-2.699052132701422
issdm-6,with,pybench_if_then_else,306.0,True,1164.0,-3.803921568627451
issdm-6,with,pybench_list_slicing,478.0,True,1871.0,-3.914225941422594
issdm-6,with,pybench_nested_for_loops,517.0,True,1449.0,-2.8027079303675047
issdm-6,with,pybench_nested_list_comprehensions,580.0,True,1741.0,-3.0017241379310344
issdm-6,with,pybench_normal_class_attribute,556.0,True,1889.0,-3.397482014388489
issdm-6,with,pybench_normal_instance_attribute,507.0,True,1311.0,-2.5857988165680474
issdm-6,with,pybench_python_function_calls,434.0,True,1539.0,-3.546082949308756
issdm-6,with,pybench_python_method_calls,605.0,True,2049.0,-3.386776859504132
issdm-6,with,pybench_recursion,625.0,True,2071.0,-3.3136
issdm-6,with,pybench_second_import,552.0,True,2320.0,-4.202898550724638
issdm-6,with,pybench_second_package_import,572.0,True,2489.0,-4.351398601398602
issdm-6,with,pybench_second_submodule_import,698.0,True,3181.0,-4.5573065902578795
issdm-6,with,pybench_simple_complex_arithmetic,1513.0,True,1439.0,1.0514246004169563
issdm-6,with,pybench_simple_dict_manipulation,469.0,True,1369.0,-2.9189765458422174
issdm-6,with,pybench_simple_float_arithmetic,862.0,True,1325.0,-1.537122969837587
issdm-6,with,pybench_simple_int_float_arithmetic,628.0,True,1345.0,-2.1417197452229297
issdm-6,with,pybench_simple_integer_arithmetic,629.0,True,1344.0,-2.136724960254372
issdm-6,with,pybench_simple_list_comprehensions,497.0,True,1521.0,-3.0603621730382295
issdm-6,with,pybench_simple_list_manipulation,399.0,True,1144.0,-2.8671679197994986
issdm-6,with,pybench_simple_long_arithmetic,388.0,True,1179.0,-3.038659793814433
issdm-6,with,pybench_small_lists,519.0,True,1578.0,-3.040462427745665
issdm-6,with,pybench_small_tuples,467.0,True,1532.0,-3.28051391862955
issdm-6,with,pybench_special_class_attribute,555.0,True,1568.0,-2.8252252252252252
issdm-6,with,pybench_special_instance_attribute,666.0,True,1820.0,-2.7327327327327327
issdm-6,with,pybench_string_mappings,450.0,True,1299.0,-2.8866666666666667
issdm-6,with,pybench_string_predicates,495.0,True,1477.0,-2.9838383838383837
issdm-6,with,pybench_string_slicing,322.0,True,1204.0,-3.739130434782609
issdm-6,with,pybench_try_except,427.0,True,1035.0,-2.423887587822014
issdm-6,with,pybench_try_finally,447.0,True,1758.0,-3.9328859060402683
issdm-6,with,pybench_try_raise_except,427.0,True,1650.0,-3.8641686182669788
issdm-6,with,pybench_tuple_slicing,496.0,True,1421.0,-2.8649193548387095
issdm-6,with,pybench_unicode_mappings,793.0,True,1985.0,-2.5031525851197984
issdm-6,with,pybench_unicode_predicates,520.0,True,1603.0,-3.082692307692308
issdm-6,with,pybench_unicode_properties,442.0,True,1647.0,-3.726244343891403
issdm-6,with,pybench_unicode_slicing,446.0,True,1674.0,-3.7533632286995515
issdm-6,with,pybench_with_finally,607.0,True,2249.0,-3.7051070840197693
issdm-6,with,pybench_with_raise_except,869.0,True,3444.0,-3.963176064441887
t2.micro,with,pybench_builtin_function_calls,566.0,True,200.0,2.83
t2.micro,with,pybench_builtin_method_lookup,533.0,True,139.0,3.8345323741007196
t2.micro,with,pybench_compare_floats,539.0,True,139.0,3.8776978417266186
t2.micro,with,pybench_compare_floats_integers,1779.0,True,133.0,13.37593984962406
t2.micro,with,pybench_compare_integers,420.0,True,100.0,4.2
t2.micro,with,pybench_compare_interned_strings,455.0,True,129.0,3.5271317829457365
t2.micro,with,pybench_compare_longs,403.0,True,156.0,2.5833333333333335
t2.micro,with,pybench_compare_strings,424.0,True,153.0,2.7712418300653594
t2.micro,with,pybench_compare_unicode,428.0,True,158.0,2.7088607594936707
t2.micro,with,pybench_complex_python_function_calls,483.0,True,186.0,2.596774193548387
t2.micro,with,pybench_concat_strings,732.0,True,317.0,2.309148264984227
t2.micro,with,pybench_concat_unicode,530.0,True,235.0,2.25531914893617
t2.micro,with,pybench_create_instances,610.0,True,212.0,2.8773584905660377
t2.micro,with,pybench_create_new_instances,489.0,True,163.0,3.0
t2.micro,with,pybench_create_strings_with_concat,470.0,True,199.0,2.3618090452261304
t2.micro,with,pybench_create_unicode_with_concat,314.0,True,176.0,1.7840909090909092
t2.micro,with,pybench_dict_creation,380.0,True,123.0,3.089430894308943
t2.micro,with,pybench_dict_with_float_keys,3437.0,True,190.0,18.089473684210525
t2.micro,with,pybench_dict_with_integer_keys,473.0,True,164.0,2.8841463414634148
t2.micro,with,pybench_dict_with_string_keys,436.0,True,122.0,3.5737704918032787
t2.micro,with,pybench_for_loops,422.0,True,112.0,3.767857142857143
t2.micro,with,pybench_if_then_else,306.0,True,98.0,3.122448979591837
t2.micro,with,pybench_list_slicing,478.0,True,222.0,2.1531531531531534
t2.micro,with,pybench_nested_for_loops,517.0,True,158.0,3.2721518987341773
t2.micro,with,pybench_nested_list_comprehensions,580.0,True,190.0,3.0526315789473686
t2.micro,with,pybench_normal_class_attribute,556.0,True,153.0,3.633986928104575
t2.micro,with,pybench_normal_instance_attribute,507.0,True,156.0,3.25
t2.micro,with,pybench_python_function_calls,434.0,True,144.0,3.013888888888889
t2.micro,with,pybench_python_method_calls,605.0,True,225.0,2.688888888888889
t2.micro,with,pybench_recursion,625.0,True,223.0,2.802690582959641
t2.micro,with,pybench_second_import,552.0,True,220.0,2.5090909090909093
t2.micro,with,pybench_second_package_import,572.0,True,231.0,2.4761904761904763
t2.micro,with,pybench_second_submodule_import,698.0,True,300.0,2.3266666666666667
t2.micro,with,pybench_simple_complex_arithmetic,1513.0,True,147.0,10.29251700680272
t2.micro,with,pybench_simple_dict_manipulation,469.0,True,141.0,3.326241134751773
t2.micro,with,pybench_simple_float_arithmetic,862.0,True,130.0,6.630769230769231
t2.micro,with,pybench_simple_int_float_arithmetic,628.0,True,137.0,4.583941605839416
t2.micro,with,pybench_simple_integer_arithmetic,629.0,True,122.0,5.155737704918033
t2.micro,with,pybench_simple_list_comprehensions,497.0,True,176.0,2.8238636363636362
t2.micro,with,pybench_simple_list_manipulation,399.0,True,105.0,3.8
t2.micro,with,pybench_simple_long_arithmetic,388.0,True,129.0,3.007751937984496
t2.micro,with,pybench_small_lists,519.0,True,169.0,3.0710059171597632
t2.micro,with,pybench_small_tuples,467.0,True,161.0,2.900621118012422
t2.micro,with,pybench_special_class_attribute,555.0,True,161.0,3.4472049689440993
t2.micro,with,pybench_special_instance_attribute,666.0,True,376.0,1.7712765957446808
t2.micro,with,pybench_string_mappings,450.0,True,160.0,2.8125
t2.micro,with,pybench_string_predicates,495.0,True,174.0,2.8448275862068964
t2.micro,with,pybench_string_slicing,322.0,True,156.0,2.0641025641025643
t2.micro,with,pybench_try_except,427.0,True,111.0,3.8468468468468466
t2.micro,with,pybench_try_finally,447.0,True,179.0,2.4972067039106145
t2.micro,with,pybench_try_raise_except,427.0,True,171.0,2.497076023391813
t2.micro,with,pybench_tuple_slicing,496.0,True,162.0,3.0617283950617282
t2.micro,with,pybench_unicode_mappings,793.0,True,265.0,2.9924528301886792
t2.micro,with,pybench_unicode_predicates,520.0,True,189.0,2.751322751322751
t2.micro,with,pybench_unicode_properties,442.0,True,190.0,2.3263157894736843
t2.micro,with,pybench_unicode_slicing,446.0,True,183.0,2.4371584699453552
t2.micro,with,pybench_with_finally,607.0,True,237.0,2.561181434599156
t2.micro,with,pybench_with_raise_except,869.0,True,323.0,2.6904024767801857
issdm-6,with,ramsmp_integer_writing_1kb_block,6739.58,False,2265.03,-2.9754925983320306
issdm-6,with,ramsmp_integer_writing_2kb_block,6258.44,False,2318.98,-2.6987899852521364
issdm-6,with,ramsmp_integer_writing_4kb_block,6372.48,False,2319.64,-2.747184908002966
issdm-6,with,ramsmp_integer_writing_8kb_block,6354.7,False,2322.43,-2.736228863733245
issdm-6,with,ramsmp_integer_writing_16kb_block,6380.7,False,2317.81,-2.7529003671569283
issdm-6,with,ramsmp_integer_writing_32kb_block,6397.46,False,2262.72,-2.82733170697214
issdm-6,with,ramsmp_integer_writing_64kb_block,6401.04,False,2260.0,-2.8323185840707965
issdm-6,with,ramsmp_integer_writing_128kb_block,6340.53,False,568.86,-11.146028899905073
issdm-6,with,ramsmp_integer_writing_256kb_block,6284.87,False,565.09,-11.121892087985984
issdm-6,with,ramsmp_integer_writing_512kb_block,6201.42,False,557.84,-11.116843539366126
issdm-6,with,ramsmp_integer_writing_1024kb_block,5364.05,False,235.32,-22.794705082440935
issdm-6,with,ramsmp_integer_writing_2048kb_block,5071.37,False,163.64,-30.99101686629186
issdm-6,with,ramsmp_integer_writing_4096kb_block,5070.03,False,168.08,-30.16438600666349
issdm-6,with,ramsmp_integer_writing_8192kb_block,5041.1,False,173.88,-28.99183344835519
issdm-6,with,ramsmp_integer_writing_16384kb_block,5062.62,False,176.72,-28.647691263014938
issdm-6,with,ramsmp_integer_writing_32768kb_block,5050.68,False,177.5,-28.454535211267608
issdm-6,with,ramsmp_integer_reading_1kb_block,2022.82,False,2262.36,1.1184188410239173
issdm-6,with,ramsmp_integer_reading_2kb_block,2030.85,False,2260.16,1.112913312159933
issdm-6,with,ramsmp_integer_reading_4kb_block,2034.96,False,2317.53,1.1388577662460198
issdm-6,with,ramsmp_integer_reading_8kb_block,2032.86,False,2259.59,1.1115325206851432
issdm-6,with,ramsmp_integer_reading_16kb_block,2028.21,False,2260.15,1.11435699459129
issdm-6,with,ramsmp_integer_reading_32kb_block,1825.49,False,2261.37,1.238774246914527
issdm-6,with,ramsmp_integer_reading_64kb_block,1357.47,False,2259.12,1.6642135737806358
issdm-6,with,ramsmp_integer_reading_128kb_block,1354.29,False,580.27,-2.3338962896582625
issdm-6,with,ramsmp_integer_reading_256kb_block,1153.53,False,580.33,-1.9877138869264037
issdm-6,with,ramsmp_integer_reading_512kb_block,886.98,False,576.44,-1.5387204218999375
issdm-6,with,ramsmp_integer_reading_1024kb_block,714.8,False,362.49,-1.971916466661149
issdm-6,with,ramsmp_integer_reading_2048kb_block,676.96,False,221.94,-3.0501937460574933
issdm-6,with,ramsmp_integer_reading_4096kb_block,677.84,False,222.55,-3.0457874634913504
issdm-6,with,ramsmp_integer_reading_8192kb_block,678.26,False,223.66,-3.0325494053474022
issdm-6,with,ramsmp_integer_reading_16384kb_block,678.26,False,223.14,-3.039616384332706
issdm-6,with,ramsmp_integer_reading_32768kb_block,678.53,False,223.68,-3.0334853361945635
issdm-6,with,ramsmp_integer_copy,1304.27,False,178.96,-7.28805319624497
issdm-6,with,ramsmp_integer_scale,889.15,False,179.89,-4.94274278725888
issdm-6,with,ramsmp_integer_add,1074.81,False,177.72,-6.047771775827144
issdm-6,with,ramsmp_integer_triad,889.58,False,172.84,-5.146841009025689
issdm-6,with,ramsmp_fl-point_writing_1kb_block,6746.64,False,1167.12,-5.780588114332717
issdm-6,with,ramsmp_fl-point_writing_2kb_block,6250.06,False,1160.66,-5.384918925438974
issdm-6,with,ramsmp_fl-point_writing_4kb_block,6329.5,False,1160.29,-5.455101741805928
issdm-6,with,ramsmp_fl-point_writing_8kb_block,6359.04,False,1175.55,-5.409416868699758
issdm-6,with,ramsmp_fl-point_writing_16kb_block,6395.65,False,1159.68,-5.5150127621412794
issdm-6,with,ramsmp_fl-point_writing_32kb_block,6398.39,False,1160.34,-5.514237206336075
issdm-6,with,ramsmp_fl-point_writing_64kb_block,6405.93,False,1160.39,-5.520497418971208
issdm-6,with,ramsmp_fl-point_writing_128kb_block,6344.77,False,572.41,-11.084310197236249
issdm-6,with,ramsmp_fl-point_writing_256kb_block,6287.62,False,572.51,-10.982550523134966
issdm-6,with,ramsmp_fl-point_writing_512kb_block,6252.38,False,568.8,-10.992229254571027
issdm-6,with,ramsmp_fl-point_writing_1024kb_block,5275.28,False,278.89,-18.915271253899387
issdm-6,with,ramsmp_fl-point_writing_2048kb_block,5069.86,False,163.3,-31.04629516227801
issdm-6,with,ramsmp_fl-point_writing_4096kb_block,5071.63,False,167.43,-30.29104700471839
issdm-6,with,ramsmp_fl-point_writing_8192kb_block,5066.69,False,172.82,-29.31772942946418
issdm-6,with,ramsmp_fl-point_writing_16384kb_block,5062.19,False,175.68,-28.814833788706736
issdm-6,with,ramsmp_fl-point_writing_32768kb_block,5051.49,False,176.73,-28.58309285350535
issdm-6,with,ramsmp_fl-point_reading_1kb_block,2022.72,False,1741.8,-1.1612814330003445
issdm-6,with,ramsmp_fl-point_reading_2kb_block,2030.82,False,1717.76,-1.182248975409836
issdm-6,with,ramsmp_fl-point_reading_4kb_block,2034.85,False,1716.85,-1.1852229373562047
issdm-6,with,ramsmp_fl-point_reading_8kb_block,2032.79,False,1718.42,-1.182941306549039
issdm-6,with,ramsmp_fl-point_reading_16kb_block,2035.83,False,1684.84,-1.2083224519835711
issdm-6,with,ramsmp_fl-point_reading_32kb_block,1839.15,False,1716.4,-1.071515963644838
issdm-6,with,ramsmp_fl-point_reading_64kb_block,1362.23,False,1717.27,1.2606314645838075
issdm-6,with,ramsmp_fl-point_reading_128kb_block,1359.35,False,645.86,-2.104713095717338
issdm-6,with,ramsmp_fl-point_reading_256kb_block,1353.79,False,650.72,-2.0804493484140645
issdm-6,with,ramsmp_fl-point_reading_512kb_block,966.63,False,645.95,-1.4964470934282839
issdm-6,with,ramsmp_fl-point_reading_1024kb_block,710.34,False,304.58,-2.3321951539825334
issdm-6,with,ramsmp_fl-point_reading_2048kb_block,680.64,False,218.01,-3.1220586211641668
issdm-6,with,ramsmp_fl-point_reading_4096kb_block,681.38,False,219.16,-3.1090527468516154
issdm-6,with,ramsmp_fl-point_reading_8192kb_block,681.75,False,220.23,-3.0956272987331426
issdm-6,with,ramsmp_fl-point_reading_16384kb_block,681.81,False,220.8,-3.0879076086956516
issdm-6,with,ramsmp_fl-point_reading_32768kb_block,682.03,False,221.35,-3.0812288231307883
issdm-6,with,ramsmp_fl-point_copy,1308.71,False,178.4,-7.335818385650224
issdm-6,with,ramsmp_fl-point_scale,94.24,False,177.3,1.8813667232597626
issdm-6,with,ramsmp_fl-point_add,133.08,False,185.53,1.3941238352870453
issdm-6,with,ramsmp_fl-point_triad,70.92,False,182.12,2.5679639029892836
t2.micro,with,ramsmp_integer_writing_1kb_block,6739.58,False,5801.88,-1.1616200266120635
t2.micro,with,ramsmp_integer_writing_2kb_block,6258.44,False,5400.99,-1.1587579314162773
t2.micro,with,ramsmp_integer_writing_4kb_block,6372.48,False,5662.7,-1.1253430342416162
t2.micro,with,ramsmp_integer_writing_8kb_block,6354.7,False,5665.93,-1.1215634503073635
t2.micro,with,ramsmp_integer_writing_16kb_block,6380.7,False,5394.63,-1.1827873273978011
t2.micro,with,ramsmp_integer_writing_32kb_block,6397.46,False,5390.83,-1.1867300582656104
t2.micro,with,ramsmp_integer_writing_64kb_block,6401.04,False,4994.43,-1.2816357422168294
t2.micro,with,ramsmp_integer_writing_128kb_block,6340.53,False,4793.08,-1.3228508599898186
t2.micro,with,ramsmp_integer_writing_256kb_block,6284.87,False,4748.69,-1.3234955324521078
t2.micro,with,ramsmp_integer_writing_512kb_block,6201.42,False,4128.31,-1.5021691684975207
t2.micro,with,ramsmp_integer_writing_1024kb_block,5364.05,False,4275.47,-1.2546106042142735
t2.micro,with,ramsmp_integer_writing_2048kb_block,5071.37,False,4280.47,-1.1847694295252622
t2.micro,with,ramsmp_integer_writing_4096kb_block,5070.03,False,4115.36,-1.2319772753780958
t2.micro,with,ramsmp_integer_writing_8192kb_block,5041.1,False,4074.45,-1.2372467449594424
t2.micro,with,ramsmp_integer_writing_16384kb_block,5062.62,False,3198.71,-1.5827067786701514
t2.micro,with,ramsmp_integer_writing_32768kb_block,5050.68,False,1649.66,-3.0616490670804892
t2.micro,with,ramsmp_integer_reading_1kb_block,2022.82,False,12962.32,6.408044215501132
t2.micro,with,ramsmp_integer_reading_2kb_block,2030.85,False,10825.02,5.330290272545978
t2.micro,with,ramsmp_integer_reading_4kb_block,2034.96,False,10751.22,5.283258638990446
t2.micro,with,ramsmp_integer_reading_8kb_block,2032.86,False,10822.74,5.32389835010773
t2.micro,with,ramsmp_integer_reading_16kb_block,2028.21,False,10812.25,5.330932201300654
t2.micro,with,ramsmp_integer_reading_32kb_block,1825.49,False,10531.53,5.769152391960515
t2.micro,with,ramsmp_integer_reading_64kb_block,1357.47,False,7834.63,5.771494029333981
t2.micro,with,ramsmp_integer_reading_128kb_block,1354.29,False,7194.86,5.312643525389688
t2.micro,with,ramsmp_integer_reading_256kb_block,1153.53,False,6648.89,5.7639506558130265
t2.micro,with,ramsmp_integer_reading_512kb_block,886.98,False,6522.47,7.353570542740536
t2.micro,with,ramsmp_integer_reading_1024kb_block,714.8,False,6141.68,8.592165640738669
t2.micro,with,ramsmp_integer_reading_2048kb_block,676.96,False,6127.88,9.052056251477191
t2.micro,with,ramsmp_integer_reading_4096kb_block,677.84,False,6188.28,9.129411070459104
t2.micro,with,ramsmp_integer_reading_8192kb_block,678.26,False,5714.21,8.424807595907174
t2.micro,with,ramsmp_integer_reading_16384kb_block,678.26,False,5307.46,7.825111314245275
t2.micro,with,ramsmp_integer_reading_32768kb_block,678.53,False,1795.23,2.6457636360956776
t2.micro,with,ramsmp_integer_copy,1304.27,False,2093.21,1.604890091775476
t2.micro,with,ramsmp_integer_scale,889.15,False,2098.31,2.359905527751223
t2.micro,with,ramsmp_integer_add,1074.81,False,2093.9,1.9481582791377083
t2.micro,with,ramsmp_integer_triad,889.58,False,2131.05,2.3955686953393736
t2.micro,with,ramsmp_fl-point_writing_1kb_block,6746.64,False,5880.5,-1.1472901964118698
t2.micro,with,ramsmp_fl-point_writing_2kb_block,6250.06,False,5398.35,-1.1577722822714347
t2.micro,with,ramsmp_fl-point_writing_4kb_block,6329.5,False,5663.33,-1.1176286742958648
t2.micro,with,ramsmp_fl-point_writing_8kb_block,6359.04,False,5665.12,-1.1224899031265003
t2.micro,with,ramsmp_fl-point_writing_16kb_block,6395.65,False,5393.17,-1.1858795476500832
t2.micro,with,ramsmp_fl-point_writing_32kb_block,6398.39,False,5372.0,-1.1910629188384214
t2.micro,with,ramsmp_fl-point_writing_64kb_block,6405.93,False,4791.53,-1.3369278706383976
t2.micro,with,ramsmp_fl-point_writing_128kb_block,6344.77,False,5010.42,-1.2663149995409566
t2.micro,with,ramsmp_fl-point_writing_256kb_block,6287.62,False,4540.8,-1.3846943269908385
t2.micro,with,ramsmp_fl-point_writing_512kb_block,6252.38,False,4284.56,-1.4592816998711653
t2.micro,with,ramsmp_fl-point_writing_1024kb_block,5275.28,False,4291.83,-1.2291446772122847
t2.micro,with,ramsmp_fl-point_writing_2048kb_block,5069.86,False,4287.61,-1.1824442988051618
t2.micro,with,ramsmp_fl-point_writing_4096kb_block,5071.63,False,4124.01,-1.2297812080960036
t2.micro,with,ramsmp_fl-point_writing_8192kb_block,5066.69,False,4092.72,-1.2379762114193005
t2.micro,with,ramsmp_fl-point_writing_16384kb_block,5062.19,False,3880.37,-1.3045637400557162
t2.micro,with,ramsmp_fl-point_writing_32768kb_block,5051.49,False,1684.51,-2.9987889653371007
t2.micro,with,ramsmp_fl-point_reading_1kb_block,2022.72,False,11822.14,5.844674497706059
t2.micro,with,ramsmp_fl-point_reading_2kb_block,2030.82,False,10746.66,5.291783614500547
t2.micro,with,ramsmp_fl-point_reading_4kb_block,2034.85,False,10760.26,5.287986829496032
t2.micro,with,ramsmp_fl-point_reading_8kb_block,2032.79,False,10724.56,5.275783529041367
t2.micro,with,ramsmp_fl-point_reading_16kb_block,2035.83,False,10752.23,5.281496981575082
t2.micro,with,ramsmp_fl-point_reading_32kb_block,1839.15,False,10758.3,5.849604436832232
t2.micro,with,ramsmp_fl-point_reading_64kb_block,1362.23,False,8519.94,6.254406377777615
t2.micro,with,ramsmp_fl-point_reading_128kb_block,1359.35,False,7869.86,5.789428771103837
t2.micro,with,ramsmp_fl-point_reading_256kb_block,1353.79,False,7119.4,5.2588658506858525
t2.micro,with,ramsmp_fl-point_reading_512kb_block,966.63,False,6145.22,6.357365279372666
t2.micro,with,ramsmp_fl-point_reading_1024kb_block,710.34,False,6136.59,8.63894754624546
t2.micro,with,ramsmp_fl-point_reading_2048kb_block,680.64,False,6149.75,9.03524623883404
t2.micro,with,ramsmp_fl-point_reading_4096kb_block,681.38,False,6185.09,9.077299010830961
t2.micro,with,ramsmp_fl-point_reading_8192kb_block,681.75,False,6126.03,8.985742574257426
t2.micro,with,ramsmp_fl-point_reading_16384kb_block,681.81,False,5733.63,8.409424913098958
t2.micro,with,ramsmp_fl-point_reading_32768kb_block,682.03,False,1874.59,2.748544785419996
t2.micro,with,ramsmp_fl-point_copy,1308.71,False,1611.14,1.2310901574833233
t2.micro,with,ramsmp_fl-point_scale,94.24,False,1593.19,16.90566638370119
t2.micro,with,ramsmp_fl-point_add,133.08,False,1923.06,14.450405770964831
t2.micro,with,ramsmp_fl-point_triad,70.92,False,1935.72,27.294416243654823
issdm-6,with,stockfish-7,241111.0,False,67763.0,-3.558151203459115
t2.micro,with,stockfish-7,241111.0,False,423835.0,1.7578418238902414
